scenario,seed,step,proposed_action,executed_action,decision,intervention,constraint,reason
normal_v2,901,1,0,0,ALLOW,False,,Proposed action remains within configured short-horizon margins.
normal_v2,901,2,0,0,ALLOW,False,,Proposed action remains within configured short-horizon margins.
normal_v2,901,3,0,0,ALLOW,False,,Proposed action remains within configured short-horizon margins.
normal_v2,901,4,0,0,ALLOW,False,,Proposed action remains within configured short-horizon margins.
normal_v2,901,5,0,0,ALLOW,False,,Proposed action remains within configured short-horizon margins.
normal_v2,901,6,0,0,ALLOW,False,,Proposed action remains within configured short-horizon margins.
normal_v2,901,7,0,0,ALLOW,False,,Proposed action remains within configured short-horizon margins.
normal_v2,901,8,0,0,ALLOW,False,,Proposed action remains within configured short-horizon margins.
normal_v2,901,9,0,0,ALLOW,False,,Proposed action remains within configured short-horizon margins.
normal_v2,901,10,0,0,ALLOW,False,,Proposed action remains within configured short-horizon margins.
normal_v2,901,11,0,0,ALLOW,False,,Proposed action remains within configured short-horizon margins.
normal_v2,901,12,0,0,ALLOW,False,,Proposed action remains within configured short-horizon margins.
normal_v2,901,13,0,0,ALLOW,False,,Proposed action remains within configured short-horizon margins.
normal_v2,901,14,0,0,ALLOW,False,,Proposed action remains within configured short-horizon margins.
normal_v2,901,15,0,0,ALLOW,False,,Proposed action remains within configured short-horizon margins.
normal_v2,901,16,0,0,ALLOW,False,,Proposed action remains within configured short-horizon margins.
normal_v2,901,17,0,0,ALLOW,False,,Proposed action remains within configured short-horizon margins.
normal_v2,901,18,0,0,ALLOW,False,,Proposed action remains within configured short-horizon margins.
normal_v2,901,19,0,0,ALLOW,False,,Proposed action remains within configured short-horizon margins.
normal_v2,901,20,0,0,ALLOW,False,,Proposed action remains within configured short-horizon margins.
normal_v2,901,21,0,0,ALLOW,False,,Proposed action remains within configured short-horizon margins.
normal_v2,901,22,0,0,ALLOW,False,,Proposed action remains within configured short-horizon margins.
normal_v2,901,23,0,0,ALLOW,False,,Proposed action remains within configured short-horizon margins.
normal_v2,901,24,0,0,ALLOW,False,,Proposed action remains within configured short-horizon margins.
normal_v2,901,25,2,2,ALLOW,False,,Proposed action remains within configured short-horizon margins.
normal_v2,901,26,2,2,ALLOW,False,,Proposed action remains within configured short-horizon margins.
normal_v2,901,27,0,0,ALLOW,False,,Proposed action remains within configured short-horizon margins.
normal_v2,901,28,0,0,ALLOW,False,,Proposed action remains within configured short-horizon margins.
normal_v2,901,29,0,0,ALLOW,False,,Proposed action remains within configured short-horizon margins.
normal_v2,901,30,2,2,ALLOW,False,,Proposed action remains within configured short-horizon margins.
normal_v2,901,31,2,2,ALLOW,False,,Proposed action remains within configured short-horizon margins.
normal_v2,901,32,2,2,ALLOW,False,,Proposed action remains within configured short-horizon margins.
normal_v2,901,33,2,2,ALLOW,False,,Proposed action remains within configured short-horizon margins.
normal_v2,901,34,2,2,ALLOW,False,,Proposed action remains within configured short-horizon margins.
normal_v2,901,35,2,2,ALLOW,False,,Proposed action remains within configured short-horizon margins.
normal_v2,901,36,2,2,ALLOW,False,,Proposed action remains within configured short-horizon margins.
normal_v2,901,37,2,2,ALLOW,False,,Proposed action remains within configured short-horizon margins.
normal_v2,901,38,2,2,ALLOW,False,,Proposed action remains within configured short-horizon margins.
normal_v2,901,39,2,2,ALLOW,False,,Proposed action remains within configured short-horizon margins.
normal_v2,901,40,2,2,ALLOW,False,,Proposed action remains within configured short-horizon margins.
normal_v2,901,41,2,2,ALLOW,False,,Proposed action remains within configured short-horizon margins.
normal_v2,901,42,2,2,ALLOW,False,,Proposed action remains within configured short-horizon margins.
normal_v2,901,43,2,2,ALLOW,False,,Proposed action remains within configured short-horizon margins.
normal_v2,901,44,2,2,ALLOW,False,,Proposed action remains within configured short-horizon margins.
normal_v2,901,45,3,3,ALLOW,False,,Proposed action remains within configured short-horizon margins.
normal_v2,901,46,3,3,ALLOW,False,,Proposed action remains within configured short-horizon margins.
normal_v2,901,47,3,3,ALLOW,False,,Proposed action remains within configured short-horizon margins.
normal_v2,901,48,3,3,ALLOW,False,,Proposed action remains within configured short-horizon margins.
normal_v2,901,49,2,2,ALLOW,False,,Proposed action remains within configured short-horizon margins.
normal_v2,901,50,2,2,ALLOW,False,,Proposed action remains within configured short-horizon margins.
normal_v2,901,51,2,2,ALLOW,False,,Proposed action remains within configured short-horizon margins.
normal_v2,901,52,2,2,ALLOW,False,,Proposed action remains within configured short-horizon margins.
normal_v2,901,53,2,2,ALLOW,False,,Proposed action remains within configured short-horizon margins.
normal_v2,901,54,2,2,ALLOW,False,,Proposed action remains within configured short-horizon margins.
normal_v2,901,55,2,2,ALLOW,False,,Proposed action remains within configured short-horizon margins.
normal_v2,901,56,2,2,ALLOW,False,,Proposed action remains within configured short-horizon margins.
normal_v2,901,57,3,3,ALLOW,False,,Proposed action remains within configured short-horizon margins.
normal_v2,901,58,3,3,ALLOW,False,,Proposed action remains within configured short-horizon margins.
normal_v2,901,59,3,3,ALLOW,False,,Proposed action remains within configured short-horizon margins.
normal_v2,901,60,2,2,ALLOW,False,,Proposed action remains within configured short-horizon margins.
normal_v2,901,61,2,2,ALLOW,False,,Proposed action remains within configured short-horizon margins.
normal_v2,901,62,2,2,ALLOW,False,,Proposed action remains within configured short-horizon margins.
normal_v2,901,63,2,2,ALLOW,False,,Proposed action remains within configured short-horizon margins.
normal_v2,901,64,2,2,ALLOW,False,,Proposed action remains within configured short-horizon margins.
normal_v2,901,65,2,2,ALLOW,False,,Proposed action remains within configured short-horizon margins.
normal_v2,901,66,2,2,ALLOW,False,,Proposed action remains within configured short-horizon margins.
normal_v2,901,67,2,2,ALLOW,False,,Proposed action remains within configured short-horizon margins.
normal_v2,901,68,2,2,ALLOW,False,,Proposed action remains within configured short-horizon margins.
normal_v2,901,69,2,2,ALLOW,False,,Proposed action remains within configured short-horizon margins.
normal_v2,901,70,2,2,ALLOW,False,,Proposed action remains within configured short-horizon margins.
normal_v2,901,71,2,2,ALLOW,False,,Proposed action remains within configured short-horizon margins.
normal_v2,901,72,2,2,ALLOW,False,,Proposed action remains within configured short-horizon margins.
normal_v2,901,73,2,2,ALLOW,False,,Proposed action remains within configured short-horizon margins.
normal_v2,901,74,2,2,ALLOW,False,,Proposed action remains within configured short-horizon margins.
normal_v2,901,75,2,2,ALLOW,False,,Proposed action remains within configured short-horizon margins.
normal_v2,901,76,2,3,FALLBACK,True,FORECAST_RELIABILITY,Forecast evidence is unavailable or unreliable under high current risk; conservative fallback selected.
normal_v2,901,77,2,2,ALLOW,False,,Proposed action remains within configured short-horizon margins.
normal_v2,901,78,2,2,ALLOW,False,,Proposed action remains within configured short-horizon margins.
normal_v2,901,79,2,2,ALLOW,False,,Proposed action remains within configured short-horizon margins.
normal_v2,901,80,2,2,ALLOW,False,,Proposed action remains within configured short-horizon margins.
normal_v2,901,81,2,2,ALLOW,False,,Proposed action remains within configured short-horizon margins.
normal_v2,901,82,2,2,ALLOW,False,,Proposed action remains within configured short-horizon margins.
normal_v2,901,83,2,2,ALLOW,False,,Proposed action remains within configured short-horizon margins.
normal_v2,901,84,2,2,ALLOW,False,,Proposed action remains within configured short-horizon margins.
normal_v2,901,85,2,2,ALLOW,False,,Proposed action remains within configured short-horizon margins.
normal_v2,901,86,2,2,ALLOW,False,,Proposed action remains within configured short-horizon margins.
normal_v2,901,87,2,2,ALLOW,False,,Proposed action remains within configured short-horizon margins.
normal_v2,901,88,2,2,ALLOW,False,,Proposed action remains within configured short-horizon margins.
normal_v2,901,89,2,2,ALLOW,False,,Proposed action remains within configured short-horizon margins.
normal_v2,901,90,2,2,ALLOW,False,,Proposed action remains within configured short-horizon margins.
normal_v2,901,91,2,2,ALLOW,False,,Proposed action remains within configured short-horizon margins.
normal_v2,901,92,2,2,ALLOW,False,,Proposed action remains within configured short-horizon margins.
normal_v2,901,93,2,2,ALLOW,False,,Proposed action remains within configured short-horizon margins.
normal_v2,901,94,2,2,ALLOW,False,,Proposed action remains within configured short-horizon margins.
normal_v2,901,95,2,2,ALLOW,False,,Proposed action remains within configured short-horizon margins.
normal_v2,901,96,0,0,ALLOW,False,,Proposed action remains within configured short-horizon margins.
meeting_surge_v2,901,1,0,0,ALLOW,False,,Proposed action remains within configured short-horizon margins.
meeting_surge_v2,901,2,0,0,ALLOW,False,,Proposed action remains within configured short-horizon margins.
meeting_surge_v2,901,3,0,0,ALLOW,False,,Proposed action remains within configured short-horizon margins.
meeting_surge_v2,901,4,0,0,ALLOW,False,,Proposed action remains within configured short-horizon margins.
meeting_surge_v2,901,5,0,0,ALLOW,False,,Proposed action remains within configured short-horizon margins.
meeting_surge_v2,901,6,0,0,ALLOW,False,,Proposed action remains within configured short-horizon margins.
meeting_surge_v2,901,7,0,0,ALLOW,False,,Proposed action remains within configured short-horizon margins.
meeting_surge_v2,901,8,0,0,ALLOW,False,,Proposed action remains within configured short-horizon margins.
meeting_surge_v2,901,9,0,0,ALLOW,False,,Proposed action remains within configured short-horizon margins.
meeting_surge_v2,901,10,0,0,ALLOW,False,,Proposed action remains within configured short-horizon margins.
meeting_surge_v2,901,11,0,0,ALLOW,False,,Proposed action remains within configured short-horizon margins.
meeting_surge_v2,901,12,0,0,ALLOW,False,,Proposed action remains within configured short-horizon margins.
meeting_surge_v2,901,13,0,0,ALLOW,False,,Proposed action remains within configured short-horizon margins.
meeting_surge_v2,901,14,0,0,ALLOW,False,,Proposed action remains within configured short-horizon margins.
meeting_surge_v2,901,15,0,0,ALLOW,False,,Proposed action remains within configured short-horizon margins.
meeting_surge_v2,901,16,0,0,ALLOW,False,,Proposed action remains within configured short-horizon margins.
meeting_surge_v2,901,17,0,0,ALLOW,False,,Proposed action remains within configured short-horizon margins.
meeting_surge_v2,901,18,0,0,ALLOW,False,,Proposed action remains within configured short-horizon margins.
meeting_surge_v2,901,19,0,0,ALLOW,False,,Proposed action remains within configured short-horizon margins.
meeting_surge_v2,901,20,0,0,ALLOW,False,,Proposed action remains within configured short-horizon margins.
meeting_surge_v2,901,21,0,0,ALLOW,False,,Proposed action remains within configured short-horizon margins.
meeting_surge_v2,901,22,0,0,ALLOW,False,,Proposed action remains within configured short-horizon margins.
meeting_surge_v2,901,23,0,0,ALLOW,False,,Proposed action remains within configured short-horizon margins.
meeting_surge_v2,901,24,0,0,ALLOW,False,,Proposed action remains within configured short-horizon margins.
meeting_surge_v2,901,25,2,2,ALLOW,False,,Proposed action remains within configured short-horizon margins.
meeting_surge_v2,901,26,2,2,ALLOW,False,,Proposed action remains within configured short-horizon margins.
meeting_surge_v2,901,27,0,0,ALLOW,False,,Proposed action remains within configured short-horizon margins.
meeting_surge_v2,901,28,0,0,ALLOW,False,,Proposed action remains within configured short-horizon margins.
meeting_surge_v2,901,29,0,0,ALLOW,False,,Proposed action remains within configured short-horizon margins.
meeting_surge_v2,901,30,2,2,ALLOW,False,,Proposed action remains within configured short-horizon margins.
meeting_surge_v2,901,31,2,2,ALLOW,False,,Proposed action remains within configured short-horizon margins.
meeting_surge_v2,901,32,2,2,ALLOW,False,,Proposed action remains within configured short-horizon margins.
meeting_surge_v2,901,33,2,2,ALLOW,False,,Proposed action remains within configured short-horizon margins.
meeting_surge_v2,901,34,2,2,ALLOW,False,,Proposed action remains within configured short-horizon margins.
meeting_surge_v2,901,35,2,2,ALLOW,False,,Proposed action remains within configured short-horizon margins.
meeting_surge_v2,901,36,2,2,ALLOW,False,,Proposed action remains within configured short-horizon margins.
meeting_surge_v2,901,37,2,2,ALLOW,False,,Proposed action remains within configured short-horizon margins.
meeting_surge_v2,901,38,2,2,ALLOW,False,,Proposed action remains within configured short-horizon margins.
meeting_surge_v2,901,39,2,2,ALLOW,False,,Proposed action remains within configured short-horizon margins.
meeting_surge_v2,901,40,2,2,ALLOW,False,,Proposed action remains within configured short-horizon margins.
meeting_surge_v2,901,41,2,2,ALLOW,False,,Proposed action remains within configured short-horizon margins.
meeting_surge_v2,901,42,2,2,ALLOW,False,,Proposed action remains within configured short-horizon margins.
meeting_surge_v2,901,43,2,2,ALLOW,False,,Proposed action remains within configured short-horizon margins.
meeting_surge_v2,901,44,2,2,ALLOW,False,,Proposed action remains within configured short-horizon margins.
meeting_surge_v2,901,45,3,3,ALLOW,False,,Proposed action remains within configured short-horizon margins.
meeting_surge_v2,901,46,3,3,ALLOW,False,,Proposed action remains within configured short-horizon margins.
meeting_surge_v2,901,47,3,3,ALLOW,False,,Proposed action remains within configured short-horizon margins.
meeting_surge_v2,901,48,3,3,ALLOW,False,,Proposed action remains within configured short-horizon margins.
meeting_surge_v2,901,49,2,2,ALLOW,False,,Proposed action remains within configured short-horizon margins.
meeting_surge_v2,901,50,2,2,ALLOW,False,,Proposed action remains within configured short-horizon margins.
meeting_surge_v2,901,51,2,2,ALLOW,False,,Proposed action remains within configured short-horizon margins.
meeting_surge_v2,901,52,2,2,ALLOW,False,,Proposed action remains within configured short-horizon margins.
meeting_surge_v2,901,53,2,2,ALLOW,False,,Proposed action remains within configured short-horizon margins.
meeting_surge_v2,901,54,2,2,ALLOW,False,,Proposed action remains within configured short-horizon margins.
meeting_surge_v2,901,55,2,2,ALLOW,False,,Proposed action remains within configured short-horizon margins.
meeting_surge_v2,901,56,2,2,ALLOW,False,,Proposed action remains within configured short-horizon margins.
meeting_surge_v2,901,57,3,3,ALLOW,False,,Proposed action remains within configured short-horizon margins.
meeting_surge_v2,901,58,3,3,ALLOW,False,,Proposed action remains within configured short-horizon margins.
meeting_surge_v2,901,59,3,3,ALLOW,False,,Proposed action remains within configured short-horizon margins.
meeting_surge_v2,901,60,3,3,ALLOW,False,,Proposed action remains within configured short-horizon margins.
meeting_surge_v2,901,61,3,3,ALLOW,False,,Proposed action remains within configured short-horizon margins.
meeting_surge_v2,901,62,3,3,ALLOW,False,,Proposed action remains within configured short-horizon margins.
meeting_surge_v2,901,63,3,3,ALLOW,False,,Proposed action remains within configured short-horizon margins.
meeting_surge_v2,901,64,3,3,ALLOW,False,,Proposed action remains within configured short-horizon margins.
meeting_surge_v2,901,65,3,3,ALLOW,False,,Proposed action remains within configured short-horizon margins.
meeting_surge_v2,901,66,3,3,FALLBACK,True,FORECAST_RELIABILITY,Forecast evidence is unavailable or unreliable under high current risk; conservative fallback selected.
meeting_surge_v2,901,67,2,3,FALLBACK,True,FORECAST_RELIABILITY,Forecast evidence is unavailable or unreliable under high current risk; conservative fallback selected.
meeting_surge_v2,901,68,2,3,FALLBACK,True,FORECAST_RELIABILITY,Forecast evidence is unavailable or unreliable under high current risk; conservative fallback selected.
meeting_surge_v2,901,69,2,2,ALLOW,False,,Proposed action remains within configured short-horizon margins.
meeting_surge_v2,901,70,2,2,ALLOW,False,,Proposed action remains within configured short-horizon margins.
meeting_surge_v2,901,71,2,2,ALLOW,False,,Proposed action remains within configured short-horizon margins.
meeting_surge_v2,901,72,2,2,ALLOW,False,,Proposed action remains within configured short-horizon margins.
meeting_surge_v2,901,73,2,2,ALLOW,False,,Proposed action remains within configured short-horizon margins.
meeting_surge_v2,901,74,2,2,ALLOW,False,,Proposed action remains within configured short-horizon margins.
meeting_surge_v2,901,75,2,2,ALLOW,False,,Proposed action remains within configured short-horizon margins.
meeting_surge_v2,901,76,2,3,FALLBACK,True,FORECAST_RELIABILITY,Forecast evidence is unavailable or unreliable under high current risk; conservative fallback selected.
meeting_surge_v2,901,77,2,2,ALLOW,False,,Proposed action remains within configured short-horizon margins.
meeting_surge_v2,901,78,2,2,ALLOW,False,,Proposed action remains within configured short-horizon margins.
meeting_surge_v2,901,79,2,2,ALLOW,False,,Proposed action remains within configured short-horizon margins.
meeting_surge_v2,901,80,2,2,ALLOW,False,,Proposed action remains within configured short-horizon margins.
meeting_surge_v2,901,81,0,0,ALLOW,False,,Proposed action remains within configured short-horizon margins.
meeting_surge_v2,901,82,0,0,ALLOW,False,,Proposed action remains within configured short-horizon margins.
meeting_surge_v2,901,83,0,0,ALLOW,False,,Proposed action remains within configured short-horizon margins.
meeting_surge_v2,901,84,0,0,ALLOW,False,,Proposed action remains within configured short-horizon margins.
meeting_surge_v2,901,85,0,0,ALLOW,False,,Proposed action remains within configured short-horizon margins.
meeting_surge_v2,901,86,0,0,ALLOW,False,,Proposed action remains within configured short-horizon margins.
meeting_surge_v2,901,87,2,2,ALLOW,False,,Proposed action remains within configured short-horizon margins.
meeting_surge_v2,901,88,2,2,ALLOW,False,,Proposed action remains within configured short-horizon margins.
meeting_surge_v2,901,89,2,2,ALLOW,False,,Proposed action remains within configured short-horizon margins.
meeting_surge_v2,901,90,0,0,ALLOW,False,,Proposed action remains within configured short-horizon margins.
meeting_surge_v2,901,91,0,0,ALLOW,False,,Proposed action remains within configured short-horizon margins.
meeting_surge_v2,901,92,0,0,ALLOW,False,,Proposed action remains within configured short-horizon margins.
meeting_surge_v2,901,93,0,0,ALLOW,False,,Proposed action remains within configured short-horizon margins.
meeting_surge_v2,901,94,0,0,ALLOW,False,,Proposed action remains within configured short-horizon margins.
meeting_surge_v2,901,95,0,0,ALLOW,False,,Proposed action remains within configured short-horizon margins.
meeting_surge_v2,901,96,0,0,ALLOW,False,,Proposed action remains within configured short-horizon margins.
