controller,scenario,seed,shield_enabled,reward,whole_building_kwh,hvac_ventilation_kwh,electricity_cost,peak_power_kw,comfort_violation_percent,temperature_violation_percent,humidity_violation_percent,comfort_degree_hours,humidity_percent_hours,co2_violation_percent,co2_ppm_hours,co2_peak_ppm,switches,aggressive_transitions,shield_intervention_percent,shield_fallback_percent,critical_safety_violations,action_distribution
random_v2,normal_v2,901,False,-409.86897843880973,423.9100986927072,253.2759517260884,70.21773524193142,32.96469544876788,82.22222222222223,62.22222222222222,44.44444444444444,5.5018879885824115,27.718284963823756,13.541666666666666,288.09113616292586,1216.0464264683064,79,41,0.0,0.0,0,"[0.20833333333333334, 0.2708333333333333, 0.22916666666666666, 0.2916666666666667]"
random_v2,normal_v2,902,False,-396.39091081062503,423.08814364222076,253.06184355338053,70.1610055261228,32.36918742250065,86.66666666666667,64.44444444444444,48.888888888888886,5.133802632125557,27.200907316336295,14.583333333333334,271.81308194592896,1178.8090251433907,79,41,0.0,0.0,0,"[0.20833333333333334, 0.2708333333333333, 0.22916666666666666, 0.2916666666666667]"
random_v2,normal_v2,903,False,-467.1292199895038,421.7186667933803,253.47783003981448,69.86051146203818,32.26740028676394,84.44444444444444,64.44444444444444,51.111111111111114,7.614776826106458,28.037945992501598,14.583333333333334,282.70430738340315,1209.3977390077416,79,41,0.0,0.0,0,"[0.20833333333333334, 0.2708333333333333, 0.22916666666666666, 0.2916666666666667]"
random_v2,normal_v2,904,False,-405.73480364989325,421.3893323880035,252.62408057015227,69.8325054628512,32.415691624481475,84.44444444444444,66.66666666666667,37.77777777777778,6.045742322373195,23.9625451360473,10.416666666666666,205.64792243650925,1163.3326215852715,79,41,0.0,0.0,0,"[0.20833333333333334, 0.2708333333333333, 0.22916666666666666, 0.2916666666666667]"
random_v2,normal_v2,905,False,-393.9553541943964,424.8661384253481,252.9628600326784,70.47142558809145,33.08987722772556,84.44444444444444,64.44444444444444,44.44444444444444,4.7995989270535935,28.730228519689426,13.541666666666666,287.84385677517673,1190.7411554157302,79,41,0.0,0.0,0,"[0.20833333333333334, 0.2708333333333333, 0.22916666666666666, 0.2916666666666667]"
random_v2,hot_day_v2,901,False,-1234.335278478198,433.46328305977056,264.1192172969239,72.00513429881926,34.65824462416611,100.0,71.11111111111111,75.55555555555556,27.624572381888672,74.2911972299722,13.541666666666666,288.09113616292586,1216.0464264683064,79,41,0.0,0.0,0,"[0.20833333333333334, 0.2708333333333333, 0.22916666666666666, 0.2916666666666667]"
random_v2,hot_day_v2,902,False,-1099.2841496923747,432.50641406724174,263.86903319885533,71.91558353728911,34.06018015392176,100.0,71.11111111111111,75.55555555555556,24.374089653710417,72.37140401275639,14.583333333333334,271.81308194592896,1178.8090251433907,79,41,0.0,0.0,0,"[0.20833333333333334, 0.2708333333333333, 0.22916666666666666, 0.2916666666666667]"
random_v2,hot_day_v2,903,False,-1381.2832252302737,432.34940372117603,264.82664496256916,71.85206465888587,33.97510050076867,97.77777777777777,73.33333333333333,75.55555555555556,31.06183429773964,75.16856577051601,14.583333333333334,282.70430738340315,1209.3977390077416,79,41,0.0,0.0,0,"[0.20833333333333334, 0.2708333333333333, 0.22916666666666666, 0.2916666666666667]"
random_v2,hot_day_v2,904,False,-1123.0837894044373,430.6645876706658,263.01373889463594,71.57674873118492,34.02868545554542,97.77777777777777,71.11111111111111,62.22222222222222,26.428967237367857,64.01208739988438,10.416666666666666,205.64792243650925,1163.3326215852715,79,41,0.0,0.0,0,"[0.20833333333333334, 0.2708333333333333, 0.22916666666666666, 0.2916666666666667]"
random_v2,hot_day_v2,905,False,-1097.1560535989204,434.08544767148555,263.57685904440973,72.194503798446,34.54357546520906,100.0,71.11111111111111,71.11111111111111,24.39135838158733,74.77526153998338,13.541666666666666,287.84385677517673,1190.7411554157302,79,41,0.0,0.0,0,"[0.20833333333333334, 0.2708333333333333, 0.22916666666666666, 0.2916666666666667]"
random_v2,high_occupancy_v2,901,False,-701.0843869104552,446.08009869270717,253.2759517260884,74.65039774193141,35.919695448767875,86.66666666666667,66.66666666666667,46.666666666666664,9.965564791155334,29.510286840693382,35.416666666666664,1963.5533956943102,1612.7257065481508,79,41,0.0,0.0,0,"[0.20833333333333334, 0.2708333333333333, 0.22916666666666666, 0.2916666666666667]"
random_v2,high_occupancy_v2,902,False,-674.2309170073341,444.91564364222063,253.06184355338053,74.54471802612278,35.109187422500646,88.88888888888889,68.88888888888889,46.666666666666664,9.033953499686179,29.421920934857845,34.375,1932.3934871415881,1610.9017034862077,79,41,0.0,0.0,0,"[0.20833333333333334, 0.2708333333333333, 0.22916666666666666, 0.2916666666666667]"
random_v2,high_occupancy_v2,903,False,-760.5686351895931,443.75866679338014,253.47783003981448,74.2767614620382,35.08740028676394,91.11111111111111,68.88888888888889,46.666666666666664,12.339341005734306,29.11752048819864,33.333333333333336,1941.1341129428815,1604.415156237274,79,41,0.0,0.0,0,"[0.20833333333333334, 0.2708333333333333, 0.22916666666666666, 0.2916666666666667]"
random_v2,high_occupancy_v2,904,False,-685.8804276056293,443.52183238800325,252.62408057015227,74.27476796285123,35.08295244494985,88.88888888888889,68.88888888888889,44.44444444444444,10.333229404647849,26.461520782263882,34.375,1779.867856169933,1613.1443104741375,79,41,0.0,0.0,0,"[0.20833333333333334, 0.2708333333333333, 0.22916666666666666, 0.2916666666666667]"
random_v2,high_occupancy_v2,905,False,-684.906485871031,447.1098884253481,252.9628600326784,74.93392558809143,35.67538633362965,88.88888888888889,66.66666666666667,44.44444444444444,8.906608548454024,31.251043317444072,34.375,1999.1337175089952,1604.2436123552397,79,41,0.0,0.0,0,"[0.20833333333333334, 0.2708333333333333, 0.22916666666666666, 0.2916666666666667]"
random_v2,high_humidity_v2,901,False,-860.2157756945741,427.0979610140644,253.2759517260884,70.83930393690987,33.397758564215955,95.55555555555556,57.77777777777778,91.11111111111111,7.833541949013493,142.8912611897635,13.541666666666666,288.09113616292586,1216.0464264683064,79,41,0.0,0.0,0,"[0.20833333333333334, 0.2708333333333333, 0.22916666666666666, 0.2916666666666667]"
random_v2,high_humidity_v2,902,False,-811.7491021232612,426.2760059635777,253.06184355338053,70.78257422110127,32.80225053794873,95.55555555555556,62.22222222222222,88.88888888888889,6.791637330969649,139.14866025982508,14.583333333333334,271.81308194592896,1178.8090251433907,79,41,0.0,0.0,0,"[0.20833333333333334, 0.2708333333333333, 0.22916666666666666, 0.2916666666666667]"
random_v2,high_humidity_v2,903,False,-958.1328646419453,424.4483068555198,253.47783003981448,70.35269411578116,32.70046340221202,95.55555555555556,60.0,91.11111111111111,11.022039425111362,145.44063864025514,14.583333333333334,282.70430738340315,1209.3977390077416,79,41,0.0,0.0,0,"[0.20833333333333334, 0.2708333333333333, 0.22916666666666666, 0.2916666666666667]"
random_v2,high_humidity_v2,904,False,-799.2255732943858,424.57603189619107,252.62408057015227,70.45388810772252,32.74409525238829,95.55555555555556,62.22222222222222,88.88888888888889,8.187274145858801,125.36055777462053,10.416666666666666,205.64792243650925,1163.3326215852715,79,41,0.0,0.0,0,"[0.20833333333333334, 0.2708333333333333, 0.22916666666666666, 0.2916666666666667]"
random_v2,high_humidity_v2,905,False,-813.5778973544527,428.05400074670524,252.9628600326784,71.09299428306991,33.418280855632375,95.55555555555556,62.22222222222222,91.11111111111111,6.648325857528116,141.55736668252104,13.541666666666666,287.84385677517673,1190.7411554157302,79,41,0.0,0.0,0,"[0.20833333333333334, 0.2708333333333333, 0.22916666666666666, 0.2916666666666667]"
random_v2,expensive_electricity_v2,901,False,-527.1617917116727,423.9100986927072,253.2759517260884,121.44040504511511,32.96469544876788,82.22222222222223,62.22222222222222,44.44444444444444,5.5018879885824115,27.718284963823756,13.541666666666666,288.09113616292586,1216.0464264683064,79,41,0.0,0.0,0,"[0.20833333333333334, 0.2708333333333333, 0.22916666666666666, 0.2916666666666667]"
random_v2,expensive_electricity_v2,902,False,-512.8139746643402,423.08814364222076,253.06184355338053,121.36557636107648,32.36918742250065,86.66666666666667,64.44444444444444,48.888888888888886,5.133802632125557,27.200907316336295,14.583333333333334,271.81308194592896,1178.8090251433907,79,41,0.0,0.0,0,"[0.20833333333333334, 0.2708333333333333, 0.22916666666666666, 0.2916666666666667]"
random_v2,expensive_electricity_v2,903,False,-583.5648109395,421.7186667933803,253.47783003981448,120.81310747853246,32.26740028676394,84.44444444444444,64.44444444444444,51.111111111111114,7.614776826106458,28.037945992501598,14.583333333333334,282.70430738340315,1209.3977390077416,79,41,0.0,0.0,0,"[0.20833333333333334, 0.2708333333333333, 0.22916666666666666, 0.2916666666666667]"
random_v2,expensive_electricity_v2,904,False,-521.9547269829964,421.3893323880035,252.62408057015227,120.77216789527148,32.415691624481475,84.44444444444444,66.66666666666667,37.77777777777778,6.045742322373195,23.9625451360473,10.416666666666666,205.64792243650925,1163.3326215852715,79,41,0.0,0.0,0,"[0.20833333333333334, 0.2708333333333333, 0.22916666666666666, 0.2916666666666667]"
random_v2,expensive_electricity_v2,905,False,-511.2486425655007,424.8661384253481,252.9628600326784,121.9172921472786,33.08987722772556,84.44444444444444,64.44444444444444,44.44444444444444,4.7995989270535935,28.730228519689426,13.541666666666666,287.84385677517673,1190.7411554157302,79,41,0.0,0.0,0,"[0.20833333333333334, 0.2708333333333333, 0.22916666666666666, 0.2916666666666667]"
random_v2,meeting_surge_v2,901,False,-477.83770509863166,428.7813486927071,253.2759517260884,70.9971352419314,32.96469544876788,82.22222222222223,64.44444444444444,42.22222222222222,6.687605197302901,28.777124641634042,20.833333333333332,644.1832684406334,1345.4434151288847,79,41,0.0,0.0,0,"[0.20833333333333334, 0.2708333333333333, 0.22916666666666666, 0.2916666666666667]"
random_v2,meeting_surge_v2,902,False,-462.24068538621816,427.9706436422207,253.06184355338053,70.94220552612279,32.36918742250065,86.66666666666667,66.66666666666667,44.44444444444444,6.248448621984664,28.638995032604782,21.875,624.3920048345905,1344.3264499614654,79,41,0.0,0.0,0,"[0.20833333333333334, 0.2708333333333333, 0.22916666666666666, 0.2916666666666667]"
random_v2,meeting_surge_v2,903,False,-534.2933417523407,426.5899167933803,253.47783003981448,70.63991146203817,32.26740028676394,84.44444444444444,64.44444444444444,51.111111111111114,8.823935087317533,29.008798196573913,21.875,632.3136307804391,1339.1160338045931,79,41,0.0,0.0,0,"[0.20833333333333334, 0.2708333333333333, 0.22916666666666666, 0.2916666666666667]"
random_v2,meeting_surge_v2,904,False,-470.57723232990276,426.2718323880035,252.62408057015227,70.6137054628512,32.415691624481475,84.44444444444444,68.88888888888889,37.77777777777778,7.22031753238197,25.170090454716025,19.791666666666668,511.088451758538,1257.4015377416454,79,41,0.0,0.0,0,"[0.20833333333333334, 0.2708333333333333, 0.22916666666666666, 0.2916666666666667]"
random_v2,meeting_surge_v2,905,False,-458.60487785639685,429.73738842534806,252.9628600326784,71.25082558809144,33.08987722772556,84.44444444444444,66.66666666666667,42.22222222222222,5.942468688015971,29.91963190388062,20.833333333333332,625.6190980999066,1328.7070405070513,79,41,0.0,0.0,0,"[0.20833333333333334, 0.2708333333333333, 0.22916666666666666, 0.2916666666666667]"
random_v2,high_electronics_load_v2,901,False,-508.2263767070678,466.62484869270713,253.2759517260884,78.71255274193135,35.89623183533586,80.0,66.66666666666667,35.55555555555556,8.991450994148106,22.42122296936503,13.541666666666666,288.09113616292586,1216.0464264683064,79,41,0.0,0.0,0,"[0.20833333333333334, 0.2708333333333333, 0.22916666666666666, 0.2916666666666667]"
random_v2,high_electronics_load_v2,902,False,-482.87508446847886,465.0391436422208,253.06184355338053,78.5357355261227,35.548563697297546,80.0,66.66666666666667,37.77777777777778,8.1082071349409,22.233188412211522,14.583333333333334,271.81308194592896,1178.8090251433907,79,41,0.0,0.0,0,"[0.20833333333333334, 0.2708333333333333, 0.22916666666666666, 0.2916666666666667]"
random_v2,high_electronics_load_v2,903,False,-565.6731082105792,464.26035429338026,253.47783003981448,78.33693396203812,35.24775814348943,84.44444444444444,66.66666666666667,40.0,11.356971205502035,22.0307489486966,14.583333333333334,282.70430738340315,1209.3977390077416,79,41,0.0,0.0,0,"[0.20833333333333334, 0.2708333333333333, 0.22916666666666666, 0.2916666666666667]"
random_v2,high_electronics_load_v2,904,False,-501.5905861237201,463.67670738800325,252.62408057015227,78.26190046285116,36.354691624481475,82.22222222222223,66.66666666666667,35.55555555555556,9.394563866381013,19.55543323810418,10.416666666666666,205.64792243650925,1163.3326215852715,79,41,0.0,0.0,0,"[0.20833333333333334, 0.2708333333333333, 0.22916666666666666, 0.2916666666666667]"
random_v2,high_electronics_load_v2,905,False,-484.4029027925124,467.541888425348,252.9628600326784,78.95894683809139,37.31162722772556,84.44444444444444,66.66666666666667,40.0,7.958928499569597,23.782689675312525,13.541666666666666,287.84385677517673,1190.7411554157302,79,41,0.0,0.0,0,"[0.20833333333333334, 0.2708333333333333, 0.22916666666666666, 0.2916666666666667]"
random_v2,cleaning_event_v2,901,False,-412.06490002730914,428.4100986927072,253.2759517260884,71.04273524193141,32.96469544876788,82.22222222222223,62.22222222222222,44.44444444444444,5.490538442514854,27.303772523515416,13.541666666666666,288.09113616292586,1216.0464264683064,79,41,0.0,0.0,0,"[0.20833333333333334, 0.2708333333333333, 0.22916666666666666, 0.2916666666666667]"
random_v2,cleaning_event_v2,902,False,-397.3652764496575,427.58814364222076,253.06184355338053,70.9860055261228,32.36918742250065,84.44444444444444,62.22222222222222,48.888888888888886,5.089581425393574,26.763855340576047,14.583333333333334,271.81308194592896,1178.8090251433907,79,41,0.0,0.0,0,"[0.20833333333333334, 0.2708333333333333, 0.22916666666666666, 0.2916666666666667]"
random_v2,cleaning_event_v2,903,False,-469.63063242139515,426.2186667933803,253.47783003981448,70.68551146203818,32.26740028676394,84.44444444444444,64.44444444444444,51.111111111111114,7.627093414810367,27.58530530558696,14.583333333333334,282.70430738340315,1209.3977390077416,79,41,0.0,0.0,0,"[0.20833333333333334, 0.2708333333333333, 0.22916666666666666, 0.2916666666666667]"
random_v2,cleaning_event_v2,904,False,-407.56810278628507,425.8893323880035,252.62408057015227,70.6575054628512,32.415691624481475,84.44444444444444,66.66666666666667,37.77777777777778,6.016946777453734,23.59737250569921,10.416666666666666,205.64792243650925,1163.3326215852715,79,41,0.0,0.0,0,"[0.20833333333333334, 0.2708333333333333, 0.22916666666666666, 0.2916666666666667]"
random_v2,cleaning_event_v2,905,False,-395.1127772687822,429.3661384253481,252.9628600326784,71.29642558809145,33.08987722772556,84.44444444444444,64.44444444444444,44.44444444444444,4.76406719269791,28.320970925424696,13.541666666666666,287.84385677517673,1190.7411554157302,79,41,0.0,0.0,0,"[0.20833333333333334, 0.2708333333333333, 0.22916666666666666, 0.2916666666666667]"
rule_based_v2,normal_v2,901,False,-202.4355410675013,403.56473960786934,232.9305926412504,75.9696313247247,40.269138334784174,33.333333333333336,0.0,33.333333333333336,0.0,10.107204686958745,0.0,0.0,822.5729931285559,19,0,0.0,0.0,0,"[0.0, 0.5520833333333334, 0.23958333333333334, 0.20833333333333334]"
rule_based_v2,normal_v2,902,False,-197.2456121147243,393.50078507797355,223.47448498913323,73.1014366930579,39.67409363433357,42.22222222222222,0.0,42.22222222222222,0.0,10.05193473237706,0.0,0.0,825.4355203629132,19,0,0.0,0.0,0,"[0.0, 0.53125, 0.2916666666666667, 0.17708333333333334]"
rule_based_v2,normal_v2,903,False,-212.8667259170522,415.09500276711435,246.8541660135487,78.16544316471375,40.32342405847124,46.666666666666664,0.0,46.666666666666664,0.0,12.19951849128402,0.0,0.0,824.4901239941503,17,0,0.0,0.0,0,"[0.0, 0.53125, 0.23958333333333334, 0.22916666666666666]"
rule_based_v2,normal_v2,904,False,-185.55743982331097,391.8497658761558,223.08451405830485,72.7577978171283,39.5037711087033,33.333333333333336,0.0,33.333333333333336,0.0,6.179236303199389,0.0,0.0,822.2734660290527,17,0,0.0,0.0,0,"[0.0, 0.53125, 0.2916666666666667, 0.17708333333333334]"
rule_based_v2,normal_v2,905,False,-203.4021833992616,395.0786976343036,223.17541924163376,73.66624463157092,40.228741519635854,53.333333333333336,0.0,53.333333333333336,0.0,11.973163522719126,0.0,0.0,826.1602346209438,19,0,0.0,0.0,0,"[0.0, 0.53125, 0.2916666666666667, 0.17708333333333334]"
rule_based_v2,hot_day_v2,901,False,-619.6104430785675,544.1023191722753,374.758253409429,106.9647595117968,44.01990316826901,100.0,77.77777777777777,100.0,3.305081887351446,49.06656918496523,0.0,0.0,796.5400823278986,5,0,0.0,0.0,0,"[0.0, 0.5208333333333334, 0.020833333333333332, 0.4583333333333333]"
rule_based_v2,hot_day_v2,902,False,-486.2031849021744,537.5879830796177,368.950602211231,105.26482252971539,43.84742460596297,100.0,37.77777777777778,100.0,1.0625440839263494,45.38108066707853,0.0,0.0,796.4703924016717,7,0,0.0,0.0,0,"[0.0, 0.5208333333333334, 0.03125, 0.4479166666666667]"
rule_based_v2,hot_day_v2,903,False,-744.4189747783524,543.7003785350064,376.1776197763992,106.9786435494734,43.73908770083078,100.0,97.77777777777777,100.0,7.06073731921152,52.4261367808531,0.0,0.0,796.8518096502231,5,0,0.0,0.0,0,"[0.0, 0.5208333333333334, 0.020833333333333332, 0.4583333333333333]"
rule_based_v2,hot_day_v2,904,False,-486.28625374589495,534.7888071530372,367.1379583770074,104.7088983882592,43.58139502575198,100.0,57.77777777777778,86.66666666666667,2.3675667163102183,35.651494841612276,0.0,0.0,793.9772818832923,7,0,0.0,0.0,0,"[0.0, 0.5208333333333334, 0.03125, 0.4479166666666667]"
rule_based_v2,hot_day_v2,905,False,-514.3847862594239,538.8519249381324,368.3433363110562,105.45453603198752,43.61214904618031,100.0,42.22222222222222,100.0,1.1573884961268561,46.310107817724926,0.0,0.0,796.8492846744035,7,0,0.0,0.0,0,"[0.0, 0.5208333333333334, 0.03125, 0.4479166666666667]"
rule_based_v2,high_occupancy_v2,901,False,-228.53609216304193,457.52018900775425,264.7160420411351,86.55872543504105,43.706237410427754,40.0,6.666666666666667,35.55555555555556,0.02276665332038963,10.016099685053074,0.0,0.0,972.756305875959,19,0,0.0,0.0,0,"[0.0, 0.53125, 0.19791666666666666, 0.2708333333333333]"
rule_based_v2,high_occupancy_v2,902,False,-226.09485655474447,443.4708861097332,251.61708602089294,84.28024433501311,43.49455006223597,53.333333333333336,8.88888888888889,44.44444444444444,0.08628788646150909,11.095770045350047,0.0,0.0,972.4142412710933,17,0,0.0,0.0,0,"[0.0, 0.53125, 0.22916666666666666, 0.23958333333333334]"
rule_based_v2,high_occupancy_v2,903,False,-227.84158881300664,464.8474527550529,274.566616001487,88.38557048788425,43.192450747112076,37.77777777777778,0.0,37.77777777777778,0.0,9.560046577921913,0.0,0.0,972.995799135039,17,0,0.0,0.0,0,"[0.0, 0.53125, 0.17708333333333334, 0.2916666666666667]"
rule_based_v2,high_occupancy_v2,904,False,-214.64932269749278,445.7523677711734,254.8546159533223,84.30127666780467,42.24693596335042,35.55555555555556,0.0,35.55555555555556,0.0,7.372182602937276,0.0,0.0,972.2089735906686,19,0,0.0,0.0,0,"[0.0, 0.53125, 0.21875, 0.25]"
rule_based_v2,high_occupancy_v2,905,False,-229.45492205013807,443.9015805610174,249.75455216834757,85.33629128759368,42.2075038425523,40.0,0.0,40.0,0.0,11.088027125451724,0.0,0.0,970.2490784174555,21,0,0.0,0.0,0,"[0.0, 0.53125, 0.22916666666666666, 0.23958333333333334]"
rule_based_v2,high_humidity_v2,901,False,-519.4869957065528,490.82685809898004,317.00484881100374,95.86355262947176,41.90724845643694,93.33333333333333,2.2222222222222223,93.33333333333333,0.00030854917129019555,95.8744066197153,0.0,0.0,813.2180037138944,10,0,0.0,0.0,0,"[0.1875, 0.3333333333333333, 0.07291666666666667, 0.40625]"
rule_based_v2,high_humidity_v2,902,False,-487.709312064818,487.57327198590235,314.35910957570485,95.29287857280298,41.77815162593579,93.33333333333333,4.444444444444445,93.33333333333333,0.10673366792206895,88.95176215019089,0.0,0.0,813.7080672854479,12,0,0.0,0.0,0,"[0.1875, 0.34375, 0.0625, 0.40625]"
rule_based_v2,high_humidity_v2,903,False,-575.8136987505671,501.3093054769676,330.3388286612625,98.20954289834714,41.631061156059204,95.55555555555556,0.0,95.55555555555556,0.0,98.18615477478279,0.0,0.0,796.851809950108,11,0,0.0,0.0,0,"[0.11458333333333333, 0.40625, 0.052083333333333336, 0.4270833333333333]"
rule_based_v2,high_humidity_v2,904,False,-445.78692489888925,480.3637138933002,308.41176256726146,93.65740808039419,41.530296763520994,93.33333333333333,2.2222222222222223,93.33333333333333,0.04235393521140196,79.78028847471933,0.0,0.0,810.5030145679616,12,0,0.0,0.0,0,"[0.1875, 0.34375, 0.07291666666666667, 0.3958333333333333]"
rule_based_v2,high_humidity_v2,905,False,-509.1014541819091,495.60683340865137,320.5156926946242,97.22728899533558,41.574916710715364,95.55555555555556,8.88888888888889,95.55555555555556,0.3440049880325411,92.51470423734138,0.0,0.0,810.1759076902633,10,0,0.0,0.0,0,"[0.1875, 0.3333333333333333, 0.0625, 0.4166666666666667]"
rule_based_v2,expensive_electricity_v2,901,False,-334.7118605937364,403.56473960786934,232.9305926412504,135.78121409971592,40.269138334784174,33.333333333333336,0.0,33.333333333333336,0.0,10.107204686958745,0.0,0.0,822.5729931285559,19,0,0.0,0.0,0,"[0.0, 0.5520833333333334, 0.23958333333333334, 0.20833333333333334]"
rule_based_v2,expensive_electricity_v2,902,False,-319.4434981933671,389.5299809952292,219.503680906389,128.36792663302202,39.67409363433357,35.55555555555556,0.0,35.55555555555556,0.0,9.870780047118707,0.0,0.0,934.0001036319973,25,0,0.0,0.0,0,"[0.03125, 0.53125, 0.25, 0.1875]"
rule_based_v2,expensive_electricity_v2,903,False,-348.34972211058107,415.09500276711435,246.8541660135487,139.73862475343265,40.32342405847124,46.666666666666664,0.0,46.666666666666664,0.0,12.19951849128402,0.0,0.0,824.4901239941503,17,0,0.0,0.0,0,"[0.0, 0.53125, 0.23958333333333334, 0.22916666666666666]"
rule_based_v2,expensive_electricity_v2,904,False,-310.4912491741708,392.14601411723487,223.3807622993838,130.09082576276364,39.5037711087033,26.666666666666668,0.0,26.666666666666668,0.0,6.197289127769778,0.0,0.0,997.2767178177544,23,0,0.0,0.0,0,"[0.03125, 0.53125, 0.23958333333333334, 0.19791666666666666]"
rule_based_v2,expensive_electricity_v2,905,False,-332.36315892467826,395.0786976343036,223.17541924163376,131.4411427017677,40.228741519635854,53.333333333333336,0.0,53.333333333333336,0.0,11.973163522719126,0.0,0.0,826.1602346209438,19,0,0.0,0.0,0,"[0.0, 0.53125, 0.2916666666666667, 0.17708333333333334]"
rule_based_v2,meeting_surge_v2,901,False,-210.44428040167102,418.1543597324457,242.64896276582672,78.21325372605001,43.92228877970758,40.0,0.0,40.0,0.0,11.277178397688544,0.0,0.0,965.6478687543613,19,0,0.0,0.0,0,"[0.0, 0.5520833333333334, 0.21875, 0.22916666666666666]"
rule_based_v2,meeting_surge_v2,902,False,-202.59839935539432,403.9024295342888,228.99362944544882,74.26204896256299,43.474259261548255,46.666666666666664,0.0,46.666666666666664,0.0,11.44618640509297,0.0,0.0,965.1454559595073,17,0,0.0,0.0,0,"[0.0, 0.53125, 0.28125, 0.1875]"
rule_based_v2,meeting_surge_v2,903,False,-217.0934670305258,424.9803080408506,251.8682212872848,79.42216732398082,42.82480809458355,44.44444444444444,0.0,44.44444444444444,0.0,12.432019569975708,0.0,0.0,966.7809465314365,17,0,0.0,0.0,0,"[0.0, 0.53125, 0.22916666666666666, 0.23958333333333334]"
rule_based_v2,meeting_surge_v2,904,False,-190.4913199603573,405.90214866152985,232.25439684367845,75.36084057443394,42.49952825915189,31.11111111111111,0.0,31.11111111111111,0.0,6.158315523040134,0.0,0.0,976.5771205849378,17,0,0.0,0.0,0,"[0.0, 0.53125, 0.2708333333333333, 0.19791666666666666]"
rule_based_v2,meeting_surge_v2,905,False,-211.29432404202603,405.3267108528749,228.55218246020524,74.81081999244458,43.47727209113253,62.22222222222222,4.444444444444445,57.77777777777778,0.009848521359886675,14.201097934017888,0.0,0.0,958.6980291650061,17,0,0.0,0.0,0,"[0.0, 0.53125, 0.28125, 0.1875]"
rule_based_v2,high_electronics_load_v2,901,False,-228.17345251955015,464.8612537068247,251.51235674020563,88.7428552518136,44.79015643458294,37.77777777777778,6.666666666666667,33.333333333333336,0.012948781219869865,8.602631465050855,0.0,0.0,823.6274698151076,15,0,0.0,0.0,0,"[0.0, 0.53125, 0.22916666666666666, 0.23958333333333334]"
rule_based_v2,high_electronics_load_v2,902,False,-215.79982526419371,453.83553993374943,241.8582398449095,85.6650217048781,45.315328760754326,31.11111111111111,2.2222222222222223,28.88888888888889,0.0008288276499124336,6.69941972008499,0.0,0.0,820.3941007672829,17,0,0.0,0.0,0,"[0.0, 0.53125, 0.25, 0.21875]"
rule_based_v2,high_electronics_load_v2,903,False,-234.20892794715584,475.8595661641911,265.07704191062527,91.40787699395746,45.190519908416285,35.55555555555556,4.444444444444445,31.11111111111111,0.014037368638530445,8.548461221285546,0.0,0.0,824.0941018051187,17,0,0.0,0.0,0,"[0.0, 0.53125, 0.19791666666666666, 0.2708333333333333]"
rule_based_v2,high_electronics_load_v2,904,False,-211.20188536926406,452.61500759254267,241.56238077469163,85.45766508218445,44.72222393462621,26.666666666666668,0.0,26.666666666666668,0.0,4.616826807141759,0.0,0.0,812.0435769706729,15,0,0.0,0.0,0,"[0.0, 0.53125, 0.25, 0.21875]"
rule_based_v2,high_electronics_load_v2,905,False,-222.93119864130963,455.8735907874449,241.2945623947753,86.09944496409686,43.60425461020027,35.55555555555556,0.0,35.55555555555556,0.0,8.576593687384825,0.0,0.0,825.0726733846271,19,0,0.0,0.0,0,"[0.0, 0.53125, 0.25, 0.21875]"
rule_based_v2,cleaning_event_v2,901,False,-200.40586838728623,408.0556302251169,232.92148325849794,76.79314391907907,39.79895648006779,33.333333333333336,0.0,33.333333333333336,0.0,9.31670608619341,0.0,0.0,822.6856533056847,19,0,0.0,0.0,0,"[0.0, 0.5520833333333334, 0.23958333333333334, 0.20833333333333334]"
rule_based_v2,cleaning_event_v2,902,False,-195.6976377593802,402.4375857411288,227.91128565228877,75.22773099071861,40.33412879112896,42.22222222222222,0.0,42.22222222222222,0.0,8.808956125781307,0.0,0.0,825.4355203629132,19,0,0.0,0.0,0,"[0.0, 0.53125, 0.28125, 0.1875]"
rule_based_v2,cleaning_event_v2,903,False,-213.89820888148157,419.6228552285372,246.8820184749714,78.99630387429913,40.32343386385311,46.666666666666664,0.0,46.666666666666664,0.0,12.019551412793568,0.0,0.0,824.4901238305547,17,0,0.0,0.0,0,"[0.0, 0.53125, 0.23958333333333334, 0.22916666666666666]"
rule_based_v2,cleaning_event_v2,904,False,-187.0841302686689,400.64932572147717,227.3840739036262,75.05731359151702,39.84723332683305,28.88888888888889,0.0,28.88888888888889,0.0,5.6775488527735085,0.0,0.0,822.2734660290527,17,0,0.0,0.0,0,"[0.0, 0.53125, 0.28125, 0.1875]"
rule_based_v2,cleaning_event_v2,905,False,-201.00603322740153,399.2582283663318,222.854949973662,74.7853801193002,39.84930894254064,46.666666666666664,0.0,46.666666666666664,0.0,10.562829285720131,0.0,0.0,826.1602346209438,21,0,0.0,0.0,0,"[0.0, 0.53125, 0.2916666666666667, 0.17708333333333334]"
v1_dqn_on_v2,normal_v2,901,False,-230.34294120287967,404.19396931516906,233.55982234855003,73.92265815524476,40.544362105767725,44.44444444444444,0.0,44.44444444444444,0.0,16.610860969854308,0.0,0.0,824.6353031561066,18,4,0.0,0.0,0,"[0.15625, 0.375, 0.25, 0.21875]"
v1_dqn_on_v2,normal_v2,902,False,-204.8780207495592,393.09022511386047,223.0639250250204,70.66196812013814,40.82057696901401,37.77777777777778,0.0,37.77777777777778,0.0,12.396850864811178,0.0,0.0,885.3936407050172,21,3,0.0,0.0,0,"[0.3541666666666667, 0.16666666666666666, 0.2604166666666667, 0.21875]"
v1_dqn_on_v2,normal_v2,903,False,-220.93583341413296,412.19979450761645,243.95895775405063,73.37525963774516,40.578364429407785,44.44444444444444,0.0,44.44444444444444,0.0,18.09742060483405,0.0,0.0,930.5111680777812,17,5,0.0,0.0,0,"[0.34375, 0.16666666666666666, 0.22916666666666666, 0.2604166666666667]"
v1_dqn_on_v2,normal_v2,904,False,-214.09025356949473,395.87787165998947,227.11261984213866,71.6591089775915,40.48122880425938,28.88888888888889,0.0,28.88888888888889,0.0,12.358885330304062,0.0,0.0,834.8975183790635,15,6,0.0,0.0,0,"[0.4791666666666667, 0.020833333333333332, 0.2604166666666667, 0.23958333333333334]"
v1_dqn_on_v2,normal_v2,905,False,-218.8647290852458,394.8867641832186,222.98348579054883,70.72477935958675,40.35242293951166,35.55555555555556,0.0,35.55555555555556,0.0,17.117014728254404,0.0,0.0,876.0567812125935,20,5,0.0,0.0,0,"[0.4791666666666667, 0.020833333333333332, 0.2708333333333333, 0.22916666666666666]"
v1_dqn_on_v2,hot_day_v2,901,False,-547.1167967500613,547.9085496795732,378.56448391672683,104.95370781127333,44.019903168327275,100.0,33.333333333333336,100.0,0.7411478373056397,54.0501062516249,0.0,0.0,796.5400823278952,7,2,0.0,0.0,0,"[0.125, 0.3020833333333333, 0.125, 0.4479166666666667]"
v1_dqn_on_v2,hot_day_v2,902,False,-482.03802390623343,545.1013535977986,376.463972729412,104.23244281947446,43.847424606086015,95.55555555555556,0.0,95.55555555555556,0.0,47.96368480008584,0.0,0.0,796.4703924016568,6,3,0.0,0.0,0,"[0.11458333333333333, 0.3229166666666667, 0.11458333333333333, 0.4479166666666667]"
v1_dqn_on_v2,hot_day_v2,903,False,-618.2641713039694,551.1357380529315,383.61297929432425,105.2415052340942,43.739087700876965,95.55555555555556,46.666666666666664,95.55555555555556,2.3794321625679578,55.65395437352491,0.0,0.0,796.8518096502155,6,3,0.0,0.0,0,"[0.13541666666666666, 0.2916666666666667, 0.11458333333333333, 0.4583333333333333]"
v1_dqn_on_v2,hot_day_v2,904,False,-457.06000749955774,542.401586412448,374.7507376364182,103.70317114894787,43.58139502580945,95.55555555555556,24.444444444444443,93.33333333333333,0.47697533976199225,38.2270092793445,0.0,0.0,793.9771901508835,6,3,0.0,0.0,0,"[0.11458333333333333, 0.3229166666666667, 0.11458333333333333, 0.4479166666666667]"
v1_dqn_on_v2,hot_day_v2,905,False,-482.07930490882745,539.6182015762047,369.10961294912875,102.47430719673096,43.6121490462376,95.55555555555556,4.444444444444445,95.55555555555556,0.0027362910262054285,47.7328430939456,0.0,0.0,796.8492786315536,6,3,0.0,0.0,0,"[0.11458333333333333, 0.3333333333333333, 0.11458333333333333, 0.4375]"
v1_dqn_on_v2,high_occupancy_v2,901,False,-254.5317357690301,449.15384783267695,256.3497008660582,82.28347066596358,43.592051325919996,44.44444444444444,0.0,44.44444444444444,0.0,19.963932455946377,0.0,0.0,985.8094993236615,13,1,0.0,0.0,0,"[0.15625, 0.3541666666666667, 0.22916666666666666, 0.2604166666666667]"
v1_dqn_on_v2,high_occupancy_v2,902,False,-238.86606664295704,452.45347058775286,260.599670498913,83.69435201419287,43.211607231894845,37.77777777777778,0.0,37.77777777777778,0.0,11.288066363924326,0.0,0.0,996.1775535515872,17,4,0.0,0.0,0,"[0.3645833333333333, 0.11458333333333333, 0.22916666666666666, 0.2916666666666667]"
v1_dqn_on_v2,high_occupancy_v2,903,False,-263.82085720577845,477.61406318797196,287.3332264344064,87.6976125149656,43.40229926110205,33.333333333333336,0.0,33.333333333333336,0.0,19.731716103032916,0.0,0.0,991.0360206070911,13,4,0.0,0.0,0,"[0.3333333333333333, 0.11458333333333333, 0.21875, 0.3333333333333333]"
v1_dqn_on_v2,high_occupancy_v2,904,False,-226.74289066056036,445.9461338936352,255.0483820757843,80.82765711694404,42.91868275927526,24.444444444444443,0.0,24.444444444444443,0.0,11.464671573360238,0.0,0.0,988.8992092486687,14,3,0.0,0.0,0,"[0.34375, 0.14583333333333334, 0.22916666666666666, 0.28125]"
v1_dqn_on_v2,high_occupancy_v2,905,False,-253.3696981614478,453.2217927262453,259.074764333576,82.83408437285087,42.95681720196513,40.0,0.0,40.0,0.0,16.653824862671247,0.0,0.0,999.750741866055,16,4,0.0,0.0,0,"[0.34375, 0.125, 0.25, 0.28125]"
v1_dqn_on_v2,high_humidity_v2,901,False,-694.0155919524504,418.306769693997,244.48476040602077,75.64385449871169,41.68901213636597,97.77777777777777,15.555555555555555,97.77777777777777,0.30163510909413116,128.35067832326405,0.0,0.0,994.1786934396509,17,10,0.0,0.0,0,"[0.19791666666666666, 0.3541666666666667, 0.1875, 0.2604166666666667]"
v1_dqn_on_v2,high_humidity_v2,902,False,-651.5712373018742,409.4818039939196,236.26764158372222,74.25772840943259,41.5770865186819,97.77777777777777,13.333333333333334,97.77777777777777,0.19749747619489444,124.24252951041419,0.0,0.0,972.8831655676138,17,10,0.0,0.0,0,"[0.19791666666666666, 0.375, 0.17708333333333334, 0.25]"
v1_dqn_on_v2,high_humidity_v2,903,False,-781.5272120137367,433.89684474486404,262.9263679291587,77.55526839757097,41.63106079695619,93.33333333333333,15.555555555555555,93.33333333333333,0.38320523060107536,129.87464337680038,0.0,0.0,928.2736339706789,12,1,0.0,0.0,0,"[0.1875, 0.3541666666666667, 0.16666666666666666, 0.2916666666666667]"
v1_dqn_on_v2,high_humidity_v2,904,False,-613.0586294047603,409.41110538396214,237.4591540579234,73.36003808665079,41.03759931517941,97.77777777777777,17.77777777777778,97.77777777777777,0.4205735130330286,112.00767987985536,0.0,0.0,960.8847664809841,15,8,0.0,0.0,0,"[0.19791666666666666, 0.3645833333333333, 0.1875, 0.25]"
v1_dqn_on_v2,high_humidity_v2,905,False,-662.7650215105866,408.17582475144724,233.08468403742046,73.24357193472915,41.13874432583785,97.77777777777777,8.88888888888889,97.77777777777777,0.11251218712766864,129.96486695956273,0.0,0.0,977.576180939348,17,10,0.0,0.0,0,"[0.19791666666666666, 0.3645833333333333, 0.19791666666666666, 0.23958333333333334]"
v1_dqn_on_v2,expensive_electricity_v2,901,False,-349.19950627759346,374.92268426601447,204.2885372993957,116.95322815077748,40.80922612215406,64.44444444444444,28.88888888888889,46.666666666666664,1.507296828926087,17.537335791780325,7.291666666666667,91.19969011590536,1088.5162496297157,13,2,0.0,0.0,0,"[0.3645833333333333, 0.16666666666666666, 0.2916666666666667, 0.17708333333333334]"
v1_dqn_on_v2,expensive_electricity_v2,902,False,-315.56937128682057,367.6034485206204,197.5771484317803,114.65912580652281,40.87659078218934,55.55555555555556,22.22222222222222,40.0,0.7884165655081175,16.612314403645282,3.125,19.13040635411909,1035.6270518441165,14,4,0.0,0.0,0,"[0.3645833333333333, 0.17708333333333334, 0.2916666666666667, 0.16666666666666666]"
v1_dqn_on_v2,expensive_electricity_v2,903,False,-369.1095967807931,384.8776884477322,216.63685169416652,119.93694167962606,40.991167947939694,73.33333333333333,31.11111111111111,57.77777777777778,1.4727880440318462,24.555226742142974,0.0,0.0,991.6065456023103,12,1,0.0,0.0,0,"[0.28125, 0.23958333333333334, 0.2916666666666667, 0.1875]"
v1_dqn_on_v2,expensive_electricity_v2,904,False,-322.871154597548,366.76129791363206,197.99604609578077,114.34106967348797,40.583675017163635,51.111111111111114,35.55555555555556,26.666666666666668,1.6190627190569202,11.954875869856373,0.0,0.0,986.4082293190792,11,2,0.0,0.0,0,"[0.3541666666666667, 0.1875, 0.2916666666666667, 0.16666666666666666]"
v1_dqn_on_v2,expensive_electricity_v2,905,False,-337.14781062588435,365.7218473181051,193.81856892543536,113.41144944803068,40.31899582481348,55.55555555555556,28.88888888888889,37.77777777777778,1.0083584132579304,19.045285031979486,8.333333333333334,103.62073073088226,1086.572212557851,13,2,0.0,0.0,0,"[0.3541666666666667, 0.1875, 0.3020833333333333, 0.15625]"
v1_dqn_on_v2,meeting_surge_v2,901,False,-253.9758284514148,420.58132028902276,245.075923322404,77.37690747312662,43.842162638999355,44.44444444444444,0.0,44.44444444444444,0.0,22.085245590766707,0.0,0.0,987.1129296452077,13,5,0.0,0.0,0,"[0.15625, 0.3645833333333333, 0.23958333333333334, 0.23958333333333334]"
v1_dqn_on_v2,meeting_surge_v2,902,False,-214.82809444129822,403.0415657979167,228.13276570907655,72.96857394100252,43.30774651539023,40.0,0.0,40.0,0.0,13.764766815291402,1.0416666666666667,18.078724496054917,1072.3148979842197,19,6,0.0,0.0,0,"[0.4895833333333333, 0.03125, 0.22916666666666666, 0.25]"
v1_dqn_on_v2,meeting_surge_v2,903,False,-232.84802490396078,432.57146642122166,259.45937966765587,78.0276142026023,43.42125185017359,35.55555555555556,0.0,35.55555555555556,0.0,16.47147945855508,0.0,0.0,986.9008451959569,14,4,0.0,0.0,0,"[0.34375, 0.13541666666666666, 0.23958333333333334, 0.28125]"
v1_dqn_on_v2,meeting_surge_v2,904,False,-222.2314568380706,411.97557281053656,238.32782099268556,74.28097993742688,43.15211404338356,31.11111111111111,0.0,31.11111111111111,0.0,13.576365284564297,0.0,0.0,978.9239480722681,13,7,0.0,0.0,0,"[0.34375, 0.16666666666666666, 0.23958333333333334, 0.25]"
v1_dqn_on_v2,meeting_surge_v2,905,False,-241.77561101800487,410.5730822102458,233.79855381757602,73.55703457947874,43.19457667345957,42.22222222222222,0.0,42.22222222222222,0.0,20.383034535521134,1.0416666666666667,14.627402150230637,1058.5096086009225,16,6,0.0,0.0,0,"[0.3541666666666667, 0.15625, 0.25, 0.23958333333333334]"
v1_dqn_on_v2,high_electronics_load_v2,901,False,-240.43266542928993,472.43492745329473,259.08603048667567,86.5185035597586,45.030771999644166,33.333333333333336,11.11111111111111,24.444444444444443,0.11283420886352324,10.259366825859114,0.0,0.0,820.1179288532156,20,4,0.0,0.0,0,"[0.3333333333333333, 0.14583333333333334, 0.23958333333333334, 0.28125]"
v1_dqn_on_v2,high_electronics_load_v2,902,False,-240.07036584610805,451.8487974867502,239.87149739791,81.60104336447189,45.145169404122846,31.11111111111111,6.666666666666667,26.666666666666668,0.05865215091615106,13.852874701232064,0.0,0.0,884.486600282668,17,3,0.0,0.0,0,"[0.34375, 0.16666666666666666, 0.23958333333333334, 0.25]"
v1_dqn_on_v2,high_electronics_load_v2,903,False,-236.87411700305805,485.4117561677794,274.6292319142139,89.57040343408082,45.258541182783276,37.77777777777778,8.88888888888889,31.11111111111111,0.06474487087409386,9.580332953147597,0.0,0.0,819.356948678482,18,4,0.0,0.0,0,"[0.34375, 0.125, 0.21875, 0.3125]"
v1_dqn_on_v2,high_electronics_load_v2,904,False,-240.16142514854656,461.92651400943527,250.87388719158446,84.7246484175603,44.85155125183641,22.22222222222222,0.0,22.22222222222222,0.0,8.056772457222298,0.0,0.0,824.1380324785009,18,4,0.0,0.0,0,"[0.34375, 0.14583333333333334, 0.23958333333333334, 0.2708333333333333]"
v1_dqn_on_v2,high_electronics_load_v2,905,False,-244.3622537880119,457.8757538728327,243.296725480163,84.23487603843347,44.58110988672808,24.444444444444443,0.0,24.444444444444443,0.0,12.256790623950103,0.0,0.0,837.9770365175834,19,4,0.0,0.0,0,"[0.4791666666666667, 0.010416666666666666, 0.23958333333333334, 0.2708333333333333]"
v1_dqn_on_v2,cleaning_event_v2,901,False,-235.62636076870058,411.5565486380353,236.4224016714163,74.94169760522055,40.66308514332525,51.111111111111114,6.666666666666667,46.666666666666664,0.07270127687953387,18.01660444623468,0.0,0.0,821.7937880031009,18,2,0.0,0.0,0,"[0.17708333333333334, 0.3333333333333333, 0.2708333333333333, 0.21875]"
v1_dqn_on_v2,cleaning_event_v2,902,False,-200.15926096903078,396.3176249824244,221.79132489358415,71.28787707545156,40.82057696901401,37.77777777777778,0.0,37.77777777777778,0.0,12.043522680810085,0.0,0.0,885.3936407050172,21,3,0.0,0.0,0,"[0.375, 0.14583333333333334, 0.2604166666666667, 0.21875]"
v1_dqn_on_v2,cleaning_event_v2,903,False,-256.9174190541791,429.69902711766184,256.95819036409614,78.34920785931952,40.578364429407785,42.22222222222222,0.0,42.22222222222222,0.0,15.119771055389062,0.0,0.0,926.9837659948864,20,6,0.0,0.0,0,"[0.3645833333333333, 0.11458333333333333, 0.23958333333333334, 0.28125]"
v1_dqn_on_v2,cleaning_event_v2,904,False,-218.50685743850858,402.8005532993622,229.53530148151125,72.86214794604687,40.037421892854184,26.666666666666668,0.0,26.666666666666668,0.0,12.02521099786081,0.0,0.0,834.8938237758564,18,4,0.0,0.0,0,"[0.46875, 0.020833333333333332, 0.2708333333333333, 0.23958333333333334]"
v1_dqn_on_v2,cleaning_event_v2,905,False,-216.66244294003027,399.55917996510334,223.1559015724336,71.56702093777524,40.35242293951166,35.55555555555556,0.0,35.55555555555556,0.0,16.75607201374091,0.0,0.0,876.0567812125935,21,5,0.0,0.0,0,"[0.46875, 0.03125, 0.2708333333333333, 0.22916666666666666]"
